['track_id', 'tempo_1', 'chroma_1', 'chroma_2', 'chroma_3', 'chroma_4', 'chroma_5', 'chroma_6', 'chroma_7', 'chroma_8', 'chroma_9', 'chroma_10', 'chroma_11', 'chroma_12', 'spectral_centroid_1', 'spectral_contrast_1', 'spectral_contrast_2', 'spectral_contrast_3', 'spectral_contrast_4', 'spectral_contrast_5', 'spectral_contrast_6', 'spectral_contrast_7', 'zcr_1']
['131568', 117.45383522727273, 0.4465298652648926, 0.4573761224746704, 0.48964959383010864, 0.4463672339916229, 0.3399169445037842, 0.34672316908836365, 0.4370737075805664, 0.6111449003219604, 0.5163776278495789, 0.41702866554260254, 0.40938034653663635, 0.4136517643928528, 1675.4752011212584, 15.43660860691275, 12.354104662438582, 14.123962285613226, 14.435450748921546, 14.800226916587238, 14.816153191111404, 45.084156345651614, 0.047141232236078884]
['055950', 129.19921875, 0.12549647688865662, 0.1509971171617508, 0.48937779664993286, 0.2736542820930481, 0.13160739839076996, 0.13641303777694702, 0.18260063230991364, 0.44644126296043396, 0.16832013428211212, 0.3044757544994354, 0.2576121389865875, 0.09143661707639694, 2164.9172877490714, 17.03452450441715, 16.25061854415072, 20.09690424474269, 25.108556434785157, 24.84698590853103, 26.092010673953407, 50.09203563591319, 0.14514500290247678]
['036575', 135.99917763157896, 0.23491039872169495, 0.33302393555641174, 0.5724719166755676, 0.20605896413326263, 0.10767526179552078, 0.17147675156593323, 0.08331489562988281, 0.06807210296392441, 0.09185966849327087, 0.28359249234199524, 0.5319868922233582, 0.2899750769138336, 956.2637616611547, 17.86787777655669, 20.64535443193825, 23.59140559791316, 22.577196801840472, 21.575603901792203, 21.694204872628887, 47.46623370758499, 0.03817973591208366]
['057821', 184.5703125, 0.4173010587692261, 0.33585095405578613, 0.6334928274154663, 0.3770357668399811, 0.23905029892921448, 0.3541316092014313, 0.2347293645143509, 0.294940710067749, 0.23182816803455353, 0.2423810213804245, 0.36551177501678467, 0.29845231771469116, 2268.07647654633, 20.49062558311039, 18.25156186947551, 19.77828209759265, 21.135596018947247, 21.816516404948167, 20.183215167632657, 48.839046597929354, 0.10037446224864656]
